rank,backbone_id,seq_id,candidate_id,sequence,plddt_mean,plddt_interface,dock_score,ddg,clash_count,constraint_violations,lddt,final_score,pass_gates,fail_reasons
1,0,12,iter07_cand011,AGCKNFFWKTFLSC,0.00,0.00,0.0000,-45.7107,0,0,0.0000,0.700000,True,
2,0,3,iter07_cand001,AGCKNFFWKTFKSN,0.00,0.00,0.0000,-43.1805,0,0,0.0000,0.644833,True,
3,0,4,iter07_cand002,AGCKNFFWKTFTSN,0.00,0.00,0.0000,-35.2206,4,0,0.0000,0.471280,True,
4,0,5,iter07_cand005,YSCKNFFWKTFTSN,0.00,0.00,0.0000,-34.2971,0,0,0.0000,0.451144,True,
5,0,6,iter07_cand006,AGCKNFGWKTFTSC,0.00,0.00,0.0000,-30.8011,5,0,0.0000,0.374919,True,
6,0,9,iter07_cand009,APCKNFFWKTFPSC,0.00,0.00,0.0000,-24.5358,2,0,0.0000,0.238314,True,
7,0,13,iter07_cand013,ATCKNFFNKTFTSC,0.00,0.00,0.0000,-21.2588,0,0,0.0000,0.166864,True,
8,0,8,iter07_cand008,AMCKNFIWKAFTSC,0.00,0.00,0.0000,-20.6729,1,0,0.0000,0.154089,True,
9,0,14,iter07_cand014,AGCKNFFWHTFTSQ,0.00,0.00,0.0000,-19.7256,6,0,0.0000,0.133435,True,
10,0,7,iter07_cand007,AGCKNFFWITFTSC,0.00,0.00,0.0000,-17.2189,3,0,0.0000,0.078780,True,
11,0,2,iter07_cand003,AGCKNFFHKTFHSE,0.00,0.00,0.0000,-13.6057,0,0,0.0000,0.000000,True,
